mean_correlation,std_deviation
0.012281688394957059,0.026045374231692325
