mean_correlation,std_deviation
0.005621364345645324,0.03472503258182317
