mean_correlation,std_deviation
0.06600516261957673,0.02387349883846371
