mean_correlation,std_deviation
-0.011060248189542514,0.03504686877785518
