mean_correlation,std_deviation
0.037499212524305436,0.03259594592905391
