mean_correlation,std_deviation
-0.03464483317049146,0.03440077118019552
