mean_correlation,std_deviation
-0.021261376071137778,0.03335080346418688
