mean_correlation,std_deviation
-0.017362812098858097,0.033663866413042386
