mean_correlation,std_deviation
-0.029899915694246295,0.02843693930164319
