mean_correlation,std_deviation
-0.004057952249699063,0.028350737975580163
