mean_correlation,std_deviation
0.0037067917506309806,0.035024406845374376
