mean_correlation,std_deviation
-0.031377870915912286,0.0347858301879409
