mean_correlation,std_deviation
0.0479557826083987,0.032537658375233744
