mean_correlation,std_deviation
-0.00630503418168994,0.03578105456977669
