mean_correlation,std_deviation
-0.011652296616100231,0.031187531759189382
