mean_correlation,std_deviation
0.010311598022653697,0.03498188732836197
