mean_correlation,std_deviation
-0.003383570557338146,0.033056243461000244
