mean_correlation,std_deviation
0.3703268477708449,0.026287499701906802
