mean_correlation,std_deviation
0.0017367895392528454,0.02836436727547538
