mean_correlation,std_deviation
0.2804157666483547,0.03462378069635231
