mean_correlation,std_deviation
-0.00863017419952987,0.029450189575247112
