mean_correlation,std_deviation
0.12386223988181673,0.0328404564095499
