mean_correlation,std_deviation
-0.005144653082094418,0.02705594082535039
