mean_correlation,std_deviation
0.08021474175186168,0.0318510692940963
