mean_correlation,std_deviation
0.08264250955223205,0.034802319859721
