mean_correlation,std_deviation
0.10721122411069643,0.0331114671777782
