mean_correlation,std_deviation
-0.01484383687444254,0.03349656316304516
