mean_correlation,std_deviation
-0.03190553436817999,0.025810389723149363
