mean_correlation,std_deviation
-0.035971543483517415,0.03656624600188599
