mean_correlation,std_deviation
-0.03677493337914372,0.03443165758864206
