mean_correlation,std_deviation
0.00046041888621753987,0.03607107538371289
