mean_correlation,std_deviation
0.2805104623163973,0.03325124637765567
