mean_correlation,std_deviation
-0.007231754780181308,0.031146336230069037
