mean_correlation,std_deviation
0.0015461817484200809,0.03312886885285495
