mean_correlation,std_deviation
-0.012486680845619132,0.03195367884714898
