mean_correlation,std_deviation
-0.008643610140947784,0.029862445702005042
