mean_correlation,std_deviation
0.0342689765321785,0.033287485598859766
