mean_correlation,std_deviation
0.15697268236807088,0.028944349377047138
