mean_correlation,std_deviation
0.012439867012906811,0.03384137285241806
