mean_correlation,std_deviation
0.409039577858185,0.026168720318873424
