mean_correlation,std_deviation
-0.020860287115606172,0.03701024442506533
