mean_correlation,std_deviation
-0.005625715457147392,0.03623339522645405
