mean_correlation,std_deviation
0.01166114917386167,0.02777532239572909
