mean_correlation,std_deviation
0.041368680369911266,0.032632887081540614
