mean_correlation,std_deviation
-0.006354796293719297,0.03233206897590967
