mean_correlation,std_deviation
0.0037531819179285244,0.026645089099441785
