mean_correlation,std_deviation
-0.0033056109320389587,0.03196031817225498
