mean_correlation,std_deviation
-0.021429591236718695,0.03209010501208447
